[{"model": "book_app.author", "pk": 1, "fields": {"first_name": "Дженни", "last_name": "Звездоперчик", "full_name": "Дженни Звездоперчик", "slug": "dzhenni-zvezdoperchik", "description": "Большой белый гиббон больше никогда не перевернется"}}, {"model": "book_app.author", "pk": 2, "fields": {"first_name": "Лев", "last_name": "Толстой", "full_name": "Лев Толстой", "slug": "lev-tolstoj", "description": "Счастье не в том, чтобы делать всегда что хочешь, а в том, чтобы всегда хотеть того, что делаешь"}}, {"model": "book_app.author", "pk": 3, "fields": {"first_name": "Джек", "last_name": "Лондон", "full_name": "Джек Лондон", "slug": "dzhek-london", "description": "Собака — единственное существо, воочию видевшее своего Бога"}}, {"model": "book_app.author", "pk": 4, "fields": {"first_name": "Джеймс", "last_name": "Клавелл", "full_name": "Джеймс Клавелл", "slug": "dzhejms-klavell", "description": "Как красива жизнь и как печальна! Как быстротечна – ни прошлого, ни будущего, одно бесконечное сейчас"}}, {"model": "book_app.author", "pk": 5, "fields": {"first_name": "Стивен", "last_name": "Кинг", "full_name": "Стивен Кинг", "slug": "stiven-king", "description": "Я действительно устал от боли, которую слышу и чувствую, босс. Я устал от того, что постоянно куда-то иду, одинокий, всеми покинутый. У меня никогда не было друга, который составил бы мне компанию, сказал, куда мы идём и зачем. Я устал от людей, которые так ненавидят друг друга. Их мысли режут меня, как осколки стекла. Я устал от того, что часто хотел помочь и не смог. Я устал от тьмы, которая окружает меня. Но больше всего устал от боли. Джон Коффи"}}, {"model": "book_app.author", "pk": 6, "fields": {"first_name": "Френсис", "last_name": "Скотт", "full_name": "Френсис Скотт", "slug": "frensis-skott", "description": "Так легко быть любимым — и так трудно любить"}}, {"model": "book_app.author", "pk": 7, "fields": {"first_name": "Говард", "last_name": "Лавкрафт", "full_name": "Говард Лавкрафт", "slug": "govard-lavkraft", "description": "Время не движется, а стоит на месте и не имеет ни начала, ни конца. Нам только кажется, что его движение приводит к переменам. Это земное заблуждение"}}, {"model": "book_app.author", "pk": 8, "fields": {"first_name": "Фёдор", "last_name": "Достоевский", "full_name": "Фёдор Достоевский", "slug": "fyodor-dostoevskij", "description": "Перестать читать книги — значит перестать мыслить"}}, {"model": "book_app.author", "pk": 9, "fields": {"first_name": "Иван", "last_name": "Тургенев", "full_name": "Иван Тургенев", "slug": "ivan-turgenev", "description": "Счастье как здоровье, его не замечаешь, пока оно есть"}}, {"model": "book_app.author", "pk": 10, "fields": {"first_name": "Рэй", "last_name": "Брэдбери", "full_name": "Рэй Брэдбери", "slug": "rej-bredberi", "description": "Когда человеку 17, он знает всё. Если ему 27 и он по-прежнему знает всё — значит, ему всё ещё 17"}}, {"model": "book_app.book", "pk": 1, "fields": {"title": "Большой Белый Гиббон", "page_count": 189, "year": 2010, "top_100": false, "slug": "bolshoj-belyij-gibbon", "description": "Описание будет добавлено позже", "format": "E", "author": 1}}, {"model": "book_app.book", "pk": 2, "fields": {"title": "Война и мир", "page_count": 872, "year": 1863, "top_100": true, "slug": "vojna-i-mir", "description": "Роман-эпопея Льва Николаевича Толстого, описывающий русское общество в эпоху войн против Наполеона в 1805—1812 годах. Эпилог романа доводит повествование до 1820 года", "format": "F", "author": 2}}, {"model": "book_app.book", "pk": 3, "fields": {"title": "Зов Ктулху", "page_count": 336, "year": 1928, "top_100": true, "slug": "zov-ktulhu", "description": "Описание будет добавлено позже", "format": "F", "author": 7}}, {"model": "book_app.book", "pk": 4, "fields": {"title": "Великий Гэтсби", "page_count": 224, "year": 1925, "top_100": true, "slug": "velikij-getsbi", "description": "В центре сюжета — любовная история с детективной и трагической развязкой. Действие развивается недалеко от Нью-Йорка, на «золотом побережье» Лонг-Айленда, среди вилл богачей", "format": "F", "author": 6}}, {"model": "book_app.book", "pk": 5, "fields": {"title": "Вертящийся червь", "page_count": 202, "year": 2008, "top_100": false, "slug": "vertyaschijsya-cherv", "description": "Описание будет добавлено позже", "format": "E", "author": 1}}, {"model": "book_app.book", "pk": 6, "fields": {"title": "Отцы и дети", "page_count": 205, "year": 1860, "top_100": true, "slug": "ottsyi-i-deti", "description": "В обстановке «великих реформ» книга стала сенсацией и привлекла к себе всеобщее внимание. Образ главного героя Евгения Базарова был воспринят как воплощение нового, пореформенного поколения, став примером для подражания молодёжи 1860-х годов", "format": "F", "author": 9}}, {"model": "book_app.book", "pk": 7, "fields": {"title": "Преступление и наказание", "page_count": 672, "year": 1865, "top_100": true, "slug": "prestuplenie-i-nakazanie", "description": "В произведении рассказывается история нищего и болезненно гордого студента Родиона Романовича Раскольникова, который решает проверить, способен ли он на поступок, возвышающий его над «обычными» людьми. Для этого он убивает старую ростовщицу, а затем и её сестру, случайно оказавшуюся на месте преступления", "format": "F", "author": 8}}, {"model": "book_app.book", "pk": 8, "fields": {"title": "Сегун", "page_count": 1240, "year": 1975, "top_100": true, "slug": "segun", "description": "Роман основан на событиях и фигурах Японии 1600 года, когда период Адзути–Момояма подходил к концу и вот-вот должен был начаться период Эдо. В шеститомной серии азиатских саг Клавелла \"Сегун\" является третьей опубликованной книгой", "format": "F", "author": 4}}, {"model": "book_app.book", "pk": 9, "fields": {"title": "Кладбище домашних животных", "page_count": 480, "year": 1983, "top_100": null, "slug": "kladbische-domashnih-zhivotnyih", "description": "По сюжету, семейство Крид — это настоящее воплощение «американской мечты»: отец — преуспевающий врач, красавица мать, прелестные дети. Для полной идиллии им не хватает лишь большого старинного дома, куда они вскоре и переезжают. Но идиллия вдруг стала превращаться в кошмар. Потому что в окружающих их новое жилище вековых лесах скрывается нечто, более ужасное, чем сама смерть, и более могущественное", "format": "E", "author": 5}}, {"model": "book_app.book", "pk": 10, "fields": {"title": "Время не ждет", "page_count": 416, "year": 1910, "top_100": true, "slug": "vremya-ne-zhdet", "description": "Главный герой - Элам Харниш по прозвищу Время-не-ждет - азартный, напористый игрок, не знающий никаких ограничений и преград. Он наживает миллионное состояние: никаких ценностей, кроме денег, Харниш не признает. Все меняется, когда он встречает девушку. Харниш покидает Клондайк, переезжает с женой на ранчо и живет скромной, душевной жизнью", "format": "F", "author": 3}}, {"model": "book_app.book", "pk": 11, "fields": {"title": "451 градус по Фаренгейту", "page_count": 238, "year": 1953, "top_100": true, "slug": "451-gradus-po-farengejtu", "description": "Роман был написан в 1953 году и представляет собой антиутопию о будущем американском обществе, где книги объявлены вне закона, а «пожарные» сжигают всё, что находят", "format": "E", "author": 10}}, {"model": "book_app.user", "pk": 18, "fields": {"last_login": null, "is_superuser": false, "first_name": "", "last_name": "", "is_staff": false, "is_active": true, "date_joined": "2024-08-30T08:04:40.362Z", "username": "miha", "email": "michael01@bk.ru", "password": "pbkdf2_sha256$720000$vmNIkPcguEEYfX3T4CuBa4$5EJm5YzKBT0ZN/qcwAF9ZYwz7UQgCua4++FqnBX1BQs=", "phone_number": null, "groups": [], "user_permissions": []}}, {"model": "book_app.user", "pk": 19, "fields": {"last_login": "2024-09-25T14:54:37.645Z", "is_superuser": false, "first_name": "", "last_name": "", "is_staff": false, "is_active": true, "date_joined": "2024-08-30T08:04:40.362Z", "username": "micha", "email": "2205-donzhuk-vucgumrf@mail.ru", "password": "pbkdf2_sha256$720000$wTGSTa93AJR72J8YjHquSj$VS+tehUrt6JdKiWUo/nHSlt9s9AEN02Q+Qv+Fe7iBW4=", "phone_number": null, "groups": [], "user_permissions": []}}, {"model": "book_app.user", "pk": 20, "fields": {"last_login": null, "is_superuser": false, "first_name": "", "last_name": "", "is_staff": false, "is_active": true, "date_joined": "2024-08-30T08:04:40.362Z", "username": "Мучачос", "email": "22-donzhuk-vucgumrf@mail.ru", "password": "pbkdf2_sha256$720000$n5XZUXXCPsgfeiSvsC9hFK$ukfP6s7k5BVEOk8Q01cVfZCILHQbNcX1kjnfAHW9izQ=", "phone_number": null, "groups": [], "user_permissions": []}}, {"model": "book_app.user", "pk": 27, "fields": {"last_login": null, "is_superuser": false, "first_name": "", "last_name": "", "is_staff": false, "is_active": true, "date_joined": "2024-08-30T08:04:40.362Z", "username": "katua", "email": "kaka@mail.ru", "password": "pbkdf2_sha256$720000$j3KL6UO0PpdscDz8I6e9jY$Z23nzcwzDFNze4CZg243f9613xjVlTUpssBDZMqB3hY=", "phone_number": null, "groups": [], "user_permissions": []}}, {"model": "book_app.user", "pk": 28, "fields": {"last_login": "2024-08-30T08:05:25.846Z", "is_superuser": false, "first_name": "", "last_name": "", "is_staff": false, "is_active": true, "date_joined": "2024-08-30T08:04:40.362Z", "username": "kakaka", "email": "kakakak@mail.ru", "password": "pbkdf2_sha256$720000$Z1JJf6quVZiSC16zZmHjQj$iXyzq2LE2D/puKFehhh4GfBiCVmTWn1ASIBFrDTzAgY=", "phone_number": null, "groups": [], "user_permissions": []}}, {"model": "book_app.user", "pk": 29, "fields": {"last_login": "2024-09-05T06:34:22.523Z", "is_superuser": false, "first_name": "", "last_name": "", "is_staff": false, "is_active": true, "date_joined": "2024-08-30T08:06:05.093Z", "username": "karavaichick", "email": "ekakatika@mail.ru", "password": "pbkdf2_sha256$720000$VopQNUIZ2TEZODVYlISlPy$ve0KRuY0LvpXoAKlLfSV0NMnShbp7O2E5mREDg45SWc=", "phone_number": null, "groups": [], "user_permissions": []}}, {"model": "book_app.user", "pk": 30, "fields": {"last_login": "2024-09-27T18:24:51.739Z", "is_superuser": true, "first_name": "", "last_name": "", "is_staff": true, "is_active": true, "date_joined": "2024-09-02T13:37:35.767Z", "username": "sensei", "email": "sensei@mail.ru", "password": "pbkdf2_sha256$720000$iRjzewJ8V6qkiil9u6yG8n$P9MlHkHOdaRwdJWTEN9HHqWg83jMXHeNEoqBl7yvXiU=", "phone_number": null, "groups": [], "user_permissions": []}}, {"model": "book_app.rating", "pk": 8, "fields": {"user": 19, "book": 9, "rating": 9, "created_at": "2024-08-29T12:09:00.289Z"}}, {"model": "book_app.rating", "pk": 9, "fields": {"user": 19, "book": 10, "rating": 10, "created_at": "2024-08-29T12:09:21.092Z"}}, {"model": "book_app.rating", "pk": 10, "fields": {"user": 19, "book": 6, "rating": 9, "created_at": "2024-08-29T13:03:55.413Z"}}, {"model": "book_app.rating", "pk": 11, "fields": {"user": 19, "book": 2, "rating": 10, "created_at": "2024-08-29T13:38:26.107Z"}}, {"model": "book_app.rating", "pk": 12, "fields": {"user": 19, "book": 8, "rating": 9, "created_at": "2024-08-29T13:46:55.661Z"}}, {"model": "book_app.rating", "pk": 13, "fields": {"user": 19, "book": 1, "rating": 9, "created_at": "2024-08-29T13:47:04.102Z"}}, {"model": "book_app.rating", "pk": 14, "fields": {"user": 19, "book": 5, "rating": 9, "created_at": "2024-08-29T13:47:27.481Z"}}, {"model": "book_app.rating", "pk": 15, "fields": {"user": 19, "book": 11, "rating": 9, "created_at": "2024-08-29T13:54:01.657Z"}}, {"model": "book_app.rating", "pk": 16, "fields": {"user": 19, "book": 7, "rating": 7, "created_at": "2024-08-29T13:56:34.250Z"}}, {"model": "book_app.rating", "pk": 17, "fields": {"user": 19, "book": 4, "rating": 9, "created_at": "2024-08-29T14:38:08.040Z"}}, {"model": "book_app.rating", "pk": 18, "fields": {"user": 19, "book": 3, "rating": 8, "created_at": "2024-08-29T14:41:44.117Z"}}, {"model": "book_app.rating", "pk": 19, "fields": {"user": 29, "book": 7, "rating": 10, "created_at": "2024-08-30T08:15:11.867Z"}}, {"model": "book_app.rating", "pk": 20, "fields": {"user": 29, "book": 8, "rating": 9, "created_at": "2024-08-30T08:15:25.997Z"}}, {"model": "book_app.rating", "pk": 21, "fields": {"user": 29, "book": 9, "rating": 7, "created_at": "2024-08-30T10:33:19.404Z"}}, {"model": "book_app.rating", "pk": 22, "fields": {"user": 29, "book": 1, "rating": 6, "created_at": "2024-08-30T17:16:06.092Z"}}, {"model": "book_app.rating", "pk": 23, "fields": {"user": 29, "book": 4, "rating": 8, "created_at": "2024-08-30T17:22:13.148Z"}}, {"model": "book_app.rating", "pk": 24, "fields": {"user": 29, "book": 10, "rating": 6, "created_at": "2024-08-30T17:23:24.645Z"}}, {"model": "book_app.rating", "pk": 25, "fields": {"user": 29, "book": 6, "rating": 8, "created_at": "2024-09-01T11:27:28.722Z"}}, {"model": "book_app.rating", "pk": 26, "fields": {"user": 29, "book": 2, "rating": 8, "created_at": "2024-09-02T06:29:44.044Z"}}, {"model": "book_app.rating", "pk": 27, "fields": {"user": 29, "book": 3, "rating": 4, "created_at": "2024-09-02T06:30:03.130Z"}}, {"model": "book_app.rating", "pk": 28, "fields": {"user": 30, "book": 5, "rating": 7, "created_at": "2024-09-02T18:08:37.950Z"}}, {"model": "book_app.rating", "pk": 29, "fields": {"user": 30, "book": 8, "rating": 8, "created_at": "2024-09-02T18:08:48.089Z"}}, {"model": "book_app.rating", "pk": 30, "fields": {"user": 30, "book": 7, "rating": 8, "created_at": "2024-09-05T05:55:21.528Z"}}, {"model": "book_app.rating", "pk": 31, "fields": {"user": 30, "book": 4, "rating": 6, "created_at": "2024-09-05T05:55:50.613Z"}}, {"model": "book_app.rating", "pk": 32, "fields": {"user": 30, "book": 10, "rating": 7, "created_at": "2024-09-05T06:01:07.567Z"}}, {"model": "book_app.rating", "pk": 33, "fields": {"user": 30, "book": 1, "rating": 5, "created_at": "2024-09-05T06:10:23.452Z"}}, {"model": "book_app.rating", "pk": 34, "fields": {"user": 29, "book": 5, "rating": 9, "created_at": "2024-09-05T06:35:10.047Z"}}, {"model": "book_app.rating", "pk": 35, "fields": {"user": 30, "book": 9, "rating": 8, "created_at": "2024-09-05T07:01:07.830Z"}}, {"model": "book_app.rating", "pk": 36, "fields": {"user": 30, "book": 11, "rating": 6, "created_at": "2024-09-05T17:13:32.712Z"}}, {"model": "book_app.rating", "pk": 37, "fields": {"user": 30, "book": 3, "rating": 9, "created_at": "2024-09-05T17:19:31.067Z"}}, {"model": "book_app.rating", "pk": 38, "fields": {"user": 30, "book": 2, "rating": 6, "created_at": "2024-09-05T17:26:09.468Z"}}, {"model": "book_app.rating", "pk": 39, "fields": {"user": 30, "book": 6, "rating": 5, "created_at": "2024-09-05T17:26:23.348Z"}}, {"model": "book_app.bookclick", "pk": 1, "fields": {"book": 7, "user": 30, "view_count": 1}}, {"model": "book_app.bookclick", "pk": 2, "fields": {"book": 4, "user": 30, "view_count": 3}}, {"model": "book_app.bookclick", "pk": 3, "fields": {"book": 1, "user": 30, "view_count": 4}}, {"model": "book_app.bookclick", "pk": 4, "fields": {"book": 9, "user": 29, "view_count": 4}}, {"model": "book_app.bookclick", "pk": 5, "fields": {"book": 5, "user": 29, "view_count": 6}}, {"model": "book_app.bookclick", "pk": 6, "fields": {"book": 11, "user": 30, "view_count": 1}}, {"model": "book_app.bookclick", "pk": 7, "fields": {"book": 11, "user": 19, "view_count": 1}}, {"model": "book_app.bookclick", "pk": 8, "fields": {"book": 3, "user": 30, "view_count": 1}}, {"model": "book_app.bookclick", "pk": 9, "fields": {"book": 2, "user": 30, "view_count": 1}}, {"model": "book_app.bookclick", "pk": 10, "fields": {"book": 6, "user": 30, "view_count": 1}}, {"model": "book_app.bookclick", "pk": 11, "fields": {"book": 9, "user": 30, "view_count": 1}}, {"model": "book_app.bookclick", "pk": 12, "fields": {"book": 5, "user": 30, "view_count": 1}}, {"model": "book_app.bookclick", "pk": 13, "fields": {"book": 8, "user": 30, "view_count": 1}}, {"model": "book_app.bookclick", "pk": 14, "fields": {"book": 10, "user": 30, "view_count": 1}}, {"model": "book_app.bookclick", "pk": 15, "fields": {"book": 5, "user": 19, "view_count": 1}}, {"model": "book_app.bookclick", "pk": 16, "fields": {"book": 8, "user": 19, "view_count": 1}}]